{"accuracy": [0.6133295297622681, 0.8630343675613403, 0.9160395264625549, 0.9401806592941284, 0.9561704397201538, 0.9644071459770203, 0.9714915752410889, 0.9763283133506775, 0.9793157577514648, 0.9817910194396973], "loss": [1.313611626625061, 0.4329836070537567, 0.2643653154373169, 0.18440470099449158, 0.1351889818906784, 0.10785990953445435, 0.08623114228248596, 0.07259371131658554, 0.06550062447786331, 0.055434539914131165], "val_accuracy": [0.857443630695343, 0.8580127358436584, 0.9407580494880676, 0.9432051181793213, 0.9498065114021301, 0.9416685700416565, 0.9518552422523499, 0.9709765315055847, 0.9731391072273254, 0.9722285270690918], "val_loss": [0.4517577290534973, 0.4431915879249573, 0.18468405306339264, 0.178247332572937, 0.15945996344089508, 0.18695224821567535, 0.1566077470779419, 0.09425264596939087, 0.09085385501384735, 0.09932359308004379]}